번호,프로그램명,테마별 분류,서비스 지역,프로그램 소개,프로그램 상세 소개
1,자연과 문화를 함께 즐기는 설악산 기행,"문화생태체험,자연생태체험,",강원도 속초,"설악산 탐방안내소, 신흥사, 권금성, 비룡폭포"," 설악산은 왜 설악산이고, 신흥사는 왜 신흥사일까요? 설악산에 대해 정확히 알고, 배우고, 느낄 수 있는 당일형 생태관광입니다."
2,[설악산] 설악산에서 길을 묻다(설악을 내 품에),"아동·청소년 체험학습,","강원도 속초, 양양, 고성",소규모 학생을 위한 수학여행 프로그램!," 보는 수학여행이 아닌 하는 수학여행! 해설이 있고, 즐거운 산으로의 여행! 마을에서 놀면서 배우는 여행!"
3,오대산국립공원 해피700!! 문화·생태 여행,문화생태체험,강원도 오대산국립공원,"월정사, 전나무 숲길, 성보박물관"," ★ 월정사 역사·문화 해설 ★ 전나무 숲 자연해설 ★ 성보박물관 탐방"
4,치악산국립공원과 함께하는 건강나누리캠프,건강나누리캠프,강원도 원주시 소초면 무쇠점2길,"숲치유, 환경성질환 교육 및 상담, 친환경 만들기체험 등"," -숲치유활동 : 금강소나무숲길과 전나무숲에서의 놀이와 명상, 체조를 통한 치유 -환경성질환 교육 : 전문 의료인의 교육 및 상담/진단을 통한 환경성질환 예방 및 조기치유 방법 전달 -친환경 만들기 : 밤호박찐방, 황토허브비누 등 몸에 좋은 먹거리와 비누를 직접 만드는 체험"
5,FTA와 함께 하는 녹색공간 속 건강찾기(당일형),농어촌생태체험,강원도 원주시 소초면 학곡리 900번지,"구룡지구 명품 금강소나무길 체험, 학곡1리향토요리체험장 "," 국립공원의 신비한 자연 생태 체험과  농촌마을에서의 전통음식, 전통놀이 체험을 통하여 자연과 교감하고 잊혀져가는 우리 문화의 소중함을 되새길 수 있는 프로그램입니다.  "
6,아빠와 함께 하는 저탄소 녹색휴가(1박2일),"자연생태체험,",강원도 원주시 소초면 학곡리 900번지,"명품 금강소나무길 체험(자연해설, 숲명상, 숲치유, 맨발걷기 등), 아빠와 캠프 등", 여름 휴가철을 맞아 환경을 사랑하는 가족을 대상으로 운영하는 친환경 캠핑 프로그램입니다. 숲과 계곡에 살고 있는 자연의 친구들도 만나보고 놀이를 통해 지구 환경의 중요성도 느껴볼 수 있습니다. 또한 재미있는 가족대항 게임을 통하여 가족의 정을 북돋을수 있는 추억의 시간을 마련해 드립니다.
7,FTA와 함께 하는 녹색공간속 건강찾기(당일형),"농어촌생태체험,",강원도 원주시 소초면 학곡리 900번지,"구룡지구 금강소나무 명품녹색길 체험, 학곡1리향토요리체험장", 기존 운영되던 국립공원 자연해설에 공원 인근지역의 특성을 반영한 농촌체험을 가미함으로써 다양한 체험거리를 제공하고 지역경제 활성화 뿐만 아니라 지역주민과의 유대관계 형성에도 크게 기여하는 고품격 생태관광
8,자연과 문화가 있는 치악산 수학여행,"아동·청소년 체험학습,",강원도 원주시 소초면 학곡리 900번지,"강원감영, 국립공원 에코투어 해설, 멸종위기동식물원, 농촌체험, 박경리 문학공원, 템플스테이 체험, 레크레이션, 고판화 박물관"," 수려한 경관의 치악산 국립공원은 강원권의 교통요지인 원주시에 인접해 있어 수도권과의 거리가 가깝습니다. 자연을 제대로 느낄 수 있는 국립공원 에코투어의 다양한 프로그램을 통해 색다른 수학여행을 즐길 수 있습니다. 문화가 있는 수학여행으로서 박경리 문학관과 고판화 박물관을 통해 다양한 전시물 관람과 판화 체험 등을 할 수 있습니다. 아름다운 자연과 함께 하고 싶다면 야영을, 체험형 숙박을 원한다면 템플스테이를, 지역주민의 따뜻한 마음을 느끼고 싶다면 민박을 선택 할 수 있는 숙박의 다양화가 구축되어 있습니다. 자연의 향기를 제대로 느끼고 색다른 체험을 원한다면 '자연과 문화가 있는 치악산 수학여행'에 참여해 보시길 바랍니다."
9,FTA와 함께 하는 녹색공간 속 건강찾기(1박2일),"자연생태체험,",강원도 원주시 소초면 학곡리 900번지,"금강소나무 명품녹색길 체험, 농촌 체험, 사찰문화 체험, 군부대 체험 "," 국립공원 생태체험과 더불어 Farm stay(농촌체험), Temple stay(사찰체험) 및 Army stay(병영체험) 등 다양한 분야의 체험을 통하여 자연과 우리 문화의 소중함을 느끼고 삶의 활력소를 되찾는 치악산 대표 프로그램입니다. "
10,FTA와 함께 하는 녹색공간속 건강찾기(1박2일),"자연생태체험,",강원도 원주시 소초면 학곡리 900번지 ,"금강소나무 명품녹색길 체험, 농촌 체험, 사찰문화 체험, 군부대 체험"," 국립공원의 자연해설에 F(팜스테이), T(템플스테이), A(아미스테이) 체험을 가미함으로써 수평형 탐방문화 유도를 통한 국립공원 훼손을 최소화 하고 지역경제 활성화에도 도움을 줄수있는 고품격 생태관광"
11,자연과 문화가 있는 치악산 수학여행,"문화생태체험,아동·청소년 체험학습,건강나누리캠프",강원도 원주시 소초면 학곡리 900번지 ,"강원감영, 국립공원 에코투어 해설, 멸종위기동식물원, 농촌체험, 박경리 문학공원, 템플스테이 체험, 레크레이션, 고판화 박물관 "," 수려한 경관의 치악산 국립공원은 강원권의 교통요지인 원주시에 인접해 있어 수도권과의 거리가 가깝습니다. 자연을 제대로 느낄 수 있는 국립공원 에코투어의 다양한 프로그램을 통해 색다른 수학여행을 즐길 수 있습니다. 문화가 있는 수학여행으로서 박경리 문학관과 고판화 박물관을 통해 다양한 전시물 관람과 판화 체험 등을 할 수 있습니다. 아름다운 자연과 함께 하고 싶다면 야영을, 체험형 숙박을 원한다면 템플스테이를, 지역주민의 따뜻한 마음을 느끼고 싶다면 민박을 선택 할 수 있는 숙박의 다양화가 구축되어 있습니다. 자연의 향기를 제대로 느끼고 색다른 체험을 원한다면 '자연과 문화가 있는 치악산 수학여행'에 참여해 보시길 바랍니다. "
12,오감만족! 오대산 에코 어드벤처 투어,아동·청소년 체험학습,강원도 평창군 일대,"1일차: 어름치마을 인근 탐방, 2일차: 오대산국립공원 탐방, 3일차: 봉평마을 탐방"," 1일차: 백룡동굴, 민물고기생태관 체험, 칠족령 트레킹 2일차: 대관령 양떼목장, 신재생 에너지전시관, 오대산국립공원 3일차: 이효석 문학관, 봉평마을"
13,오대산국립공원 힐링캠프,"숲 치유,",강원도 평창군 진부면,"선재길, 한국자생식물원, 전나무숲, 월정사, 방아다리약수", 천년의 숲으로 불리는 오대산 전나무숲과 선재길에서 다양한 숲치유 프로그램 체험
14,소금강 지역문화 체험,"자연생태,",강원도 평창군 진부면,"소금강, 삼산테마파크", 오대산국립공원의 대표 경관인 소금강지구에서 대자연의 아름다움을 제대로 즐긴다.
15,(1박2일)자연으로 떠나는 행복여행,"문화생태체험,자연생태체험,",강원도 평창군 진부면,"오대산국립공원 전나무숲, 월정사, 상원사, 신재생에너지전시관, 대관령 양떼목장, 한국자생식물원, 허브나라"," - 전나무숲 생태체험 - 월정사, 상원사 역사문화 체험 - 대관령 양떼목장 체험  - 신재생에너지관 체험 - 한국자생식물원 체험 - 허브나라 체험"
16,숲과 테마가 있는 우이령으로의 여행,"문화생태체험,",경기도 양주시 교현리,문화생태체험, 문화생태체험
17,도봉산 할아버지와 함께하는 공연여행,"문화생태체험,",경기도 의정부시,문화생태체험, 문화생태체험
18,지리산 800리길,느낄거리,경상남도 ,함양분소 - 뱀사골탐방안내소 - 성삼재 - 삼성궁 - 최참판댁 - 매암다원 - 중산리탐방안내소,
19,한려해상국립공원으로 떠나는 자연여행,"자연생태체험,",경상남도 거제 일원,"지심도, 조선해양문화관 등", 한려해상국립공원 거제해금강지구를 탐방하는 일정으로 동백섬으로 알려진 아름다운 섬 지심도를 비롯하여 조선해양문화관 탐방까지! 즐거운 일정으로 채워져 있습니다. 
20,[수학여행] 아주 특별한 지리산여행(2박3일형),"아동·청소년 체험학습,",경상남도 산청군 시천면 사리 922-18,"1일차-대원사템플스테이 /  2일차-남명조식유적, 지리산중산리탐방안내소,도인촌마을,청학동 예절교실 / 3일차-평사리 최참판댁, 운조루, 지리산종복원센터"," 스쳐지나가는 여행이 아닌 몸과 마음으로 체험하는 지리산의 태고적 자연생태, 인문지리, 역사문화를 알아가는 지리산생명 찾기 여행입니다."
21,건강한 숲 생태계 이야기,",건강나누리캠프,",경상남도 남해군,"남해 편백 숲 속에서 진행되는 아토피 천식 극복캠프(남해금산, 편백휴양림, 나비생태공원)"," 남해 바다를 옆에 둔 울창한 편백림 속에서 숲해설가, 전문 의료진과 함께하는 자연 속 건강한 생활 체험 "
22,[지역연계 프로그램] 다함께 한려해상 청정바다 보물찾기,"자연생태체험,",경상남도 남해군 상주면 상주리 634번지,"두모마을 전통어로체험 '개매기 체험' 참여, '내가 좋아하는 청정바다 생물' 해설프로그램 진행", 밀물과 썰물 자연의 원리를 이용한 전통어로체험과 국립공원 자연해설을 통해 한려해상 국립공원 청정바다를 체험합니다
23,"[수학여행] 하늘이 내린 선물, 남해 알찬 여행",",아동·청소년 체험학습,",경상남도 남해군 일원,"이락사와 충렬사, 거북선, 다랭이 논, 남해 보리암, 상주해변, 독일마을, 지족 죽방렴, 남해 바래길"," 이순신 장군의 혼이 담긴 노량의 바다와,  남해의 사람들이 일군 다랭이 논과,  산 자체가 문화재인 남해 금산,  남해안 제일의 해수욕장 상주해변,  전통 어업방법인 죽방렴 체험을 통해  산과 바다와 사람이 어우러진 300리 아름다운 바닷길 한려해상국립공원의 남해를 만나세요"
24,돌담길 따라 문화를 엿보고 숲길 따라 자연을 담아요!,"농어촌생태체험,문화생태체험,자연생태체험,",경상남도 산청군,목면시배유지 ~ 남사예담촌 ~ 중산리탐방안내소 ~ 중산리 자연관찰로 ," 산청군 지리산자락의 문화를 만끽하고 <BR>지리산국립공원 자연을 즐길 수 있는 여행"
25,지리산국립공원 생태체험 학습!,"자연생태체험,문화생태체험,","경상남도 산청군, 하동군등",중산리탐방안내소~중산리 자연관찰로~하동쌍계사~하동 차문화센터, 지리산국립공원의 자연환경과 문화유산을 탐방하면서 느끼고 체험할 수 있는 프로그램입니다.
26,이충무공의 얼을 찾아 떠나는 한산도 역사여행,문화생태체험,경상남도 통영,"한산도 자전거 투어, 이충무공유적지 역사 탐방, 염개갯벌 생태체험, 대나무를 이용한 어로체험, 바다 패각을 이용한 소망초 만들기, 캠프파이어 등", 한산대첩 승리의 역사가 살아 숨쉬는 통영 한산도에서 아름다운 바다를 배경으로 해상공원에서만 만날 수 있는 각종 특색있는 체험놀이가 준비되어 있습니다.
27,이충무공의 얼을 찾아 떠나는 한산도 역사여행(당일형),"문화생태체험,",경상남도 통영,"이충무공유적지 역사 탐방, 한산도 자전거 투어, 대나무 어로체험", 한산대첩 승리의 역사가 살아 숨쉬는 통영 한산도에서 아름다운 바다를 배경으로 해상공원에서만 만날 수 있는 각종 특색있는 체험놀이가 준비되어 있습니다. 
28,국립공원과 함께하는 우리의 전통문화,"역사문화,",경상남도 통영,"달아공원 탐방, 통영전통공예관, 향토역사관, 이순신공원 등", 한려해상국립공원의 여러 섬들을 볼 수 있는  달아공원탐방과 통영 전통문화를 엿보는 전통공예관과 향토역사관 탐방 등 우리의 전통문화를 둘러 보는 시간입니다. ^^*
29,"아름다운 나의 조국, 아름다운 국립공원!","해안생태,",경상남도 통영,"대우조선해양 견학, 학동, 바람의 언덕 일원 등", 수려한 자연경관을 지닌 아름다운 학동 해수욕장에서의 '둥글둥글 몽돌이야기'와 대우조선햐영 조선소의 견학 등 즐거운 체험이 기다리고 있습니다 ^^
30,국립공원과 함께하는 건강나누리캠프,"건강나누리캠프,",경상남도 통영시,"미래사 편백숲 탐방, 친환경 먹거리 체험, 자연해설 프로그램 진행, 아토피 관련 전문강의 등"," 미래사 편백숲 탐방, 친환경 먹거리 체험, 자연해설 프로그램 진행, 아토피 관련 전문강의 등 아토피 환아 및 부모님들을 위한 유용한 내용으로 꽉 채워져 있습니다. "
31,지역학교 미래세대와 함께하는 생태관광,"아동·청소년 체험학습,",경상남도 통영시 일원,"통영 미륵산, 달아전망대 등"," 지역학교 미래세대들과 함께 할 수 있는 체험형 프로그램입니다. 국립공원 숲에서 만나볼 수 있는 식물에 대해 알아보고, 달아전망대에서 섬 이야기에 대해 들어볼수도 있습니다. "
32,"[수학여행, 2박3일]임진왜란 A to Z, 통영 물빛 여행","아동·청소년 체험학습,",경상남도 통영시 일원,"1일차-진주(국립진주박물관 등), 통영(한산도 등). 2일차-통영(한산도 제승당 등), 3일차-통영(케이블카 등)"," 임진왜란과 한산대첩 그리고 한산도 제승당, 그 역사의 현장에서 듣는 생생한 이야기.  어느새 시간이 훌쩍~ 전통어시장을 돌아버고, 직접 어부가 되어보는 체험!  한려수도의 전경을 한눈에 담아갈수 있는 케이블카 체험 등 알짜코스로 구성되어 있습니다. "
33,통영 섬마을에서 만나보는 갯벌친구들,"자연생태체험,",경상남도 통영시 학림도 일원,"한려해상국립공원 알아보기, 갯벌의 이해, 갯벌생물 알아보기 등"," 한려해상국립공원내 아름다운 섬마을, 학림도에서 만나보는 갯벌과 그곳에 사는 갯벌친구들을 만날수 있습니다 (성인 1인-15,000원, 어린이-5,000원) (※ 현지사정으로 인한 금액 변동가능)"
34,자연을 걷다...원시림을 간직한 칠선계곡 (올라가기),자연생태,경상남도 함양 추성마을,칠선계곡 올라가기(추성주차장 ▶ 비선담 ▶ 칠선폭포 ▶  천왕봉 / 9.7km) ," 자연과 시간이 시작되는 곳 <BR>지리산국립공원 칠선계곡의 <BR>원시림을 만끽하며 걷는 프로그램"
35,"신.바.람 수학여행! 가야산국립공원 (합천, 통영, 고령)",아동·청소년 체험학습,경상남도 합천군 가야면,"해인사와 팔만대장경 역사문화해설, 가야산소리길 걷기 및 자연해설, 팔만대장경 인경체험 등", 유네스코 세계기록유산 팔만대장경과 해인사를 품은 가야산국립공원에서 즐기는 신나는 수학여행으로 여러분을 초대합니다.
36,가야산역사문화 체험 100배 즐기기,건강나누리캠프,경상남도 합천군 가야면,"해인사 역사문화 해설(팔만대장경판 탁본체험), 전통인절미 만들기체험"," 역사문화해설 및 팔만대장경 인경체험, <BR>전통인절미 만들기 체험등으로 구성"
37,건강나누리 캠프,"건강나누리캠프,자연생태체험,",경상북도 경주시,자연속에서 놀자! 힐링 캠프, 최근 환경성질환이 증가됨에 따라 환경오염이 적은 국립공원에서 자연생활 체험기회를 제공하여 아이들의 스트레스를 줄이고 스스로 이겨낼 수 있다는 자신감과 의지를 갖게하는 자연치유 프로그램
38,사회탐구 교육과정을 접목한 경주역사문화탐방,"문화생태체험,",경상북도 경주시,사회탐구 교과과정을 중심으로 경주의 문화유적 현장답사와 이론 교육," 사회탐구 교과과정을 중심으로 경주의 문화유적 현장답사와 이론교육, 문화재를 활용한 체험프로그램 개발 등 입체적 학습으로 신라의 문화와 정신에 대한 전문성을 함양하여 교육과정에 접목함을 목적으로 함"
39,자연나누리 캠프,"문화생태체험,아동·청소년 체험학습,",경상북도 경주시,세계문화유산을 찾아 떠나는 여행, 자연나누리캠프를 통해 경주와 서울의 세계문화유산을 배우고 국립공원의 자연놀이를 통해 재미와 자연이 주는 이로움까지 동시에 접해보는 프로그램
40,[수학여행] 신ㆍ바ㆍ람 경주국립공원,"PL01,아동·청소년 체험학습,",경상북도 경주시,"불교 유적 보물창고 남산유적지구, 뮤지컬 미소2['신국의 땅, 신라'], 근대문화유산의 거리, 방짜유기박물관"," 신라 천년 불교유적지와 남산 국립공원트레킹, 근대 문화유산의 보고 ""대구 골목길 투어"", 시인 이상화 선생의 고택과 자취, 3.1운동 계단에서 힘차게 외쳐보는 ""대한독립만세!""가 가슴을 뭉클하게 합니다."
41,세계속의 경주,"문화생태체험,",경상북도 경주시,세계문화유산에 등재된 경주의 문화재 탐방," 외국인들도 편안하고 효율적으로 세계적인 문화관광도시인 경주를 여행할 수 있게 하고, 한국의 아름다운 전통문화를 체험할 수 있게 함으로써 경주국립공원을 세계적으로 알리고자 합니다."
42,수학여행_역사와 문화가 살아 숨쉬는 백두대간 유람 여행,"아동·청소년 체험학습,",경상북도 소백산 및 월악산국리공원 일원,"1일차 : 부석사, 소수서원, 선비문화체험, 2일차 : 죽령옛길, 도담삼봉, 한드미 마을(농촌체험) 3일차 : 단양 선암계곡 사인암, 충주호 유람선 관광 "," 1일차 : 불교 문화와 유교 문화의 중심의 프로그램 진행 2일차 : 백두대간에 깃든 전통 문화체험 3일차 : 단양 8경 속에서 신선이 되다!(단양 8경, 충주호 유람선)"
43,자연과 역사가 함께하는 소백산 체험 여행,"문화생태체험,",경상북도 영주시 풍기읍 수철리 산 86-51,1.부석사 2.소수서원(선비촌) 3.죽령옛길 4.장외나루, 소백산 및 인근에 위치한 역사문화자원 답사 프로그램
44,친구들아 떠나자! 소백산의 자연속으로,"자연생태체험,",경상북도 영주시 풍기읍 수철리 산86-51번지,1.희방계곡  2.죽령옛길," 소백산 인근의 희방계곡에서 자연생태를, 죽령옛길에서 역사문화를 배우는 프로그램"
45,신·바·람 수학여행 주왕산국립공원,"아동·청소년 체험학습,",경상북도 청송군 부동면 공원길 169-7,"(1day)안동하회마을 - (2day)주왕산국립공원, 영덕 블루로드 - (3day)울진 월송정, 성류굴, 나라골 보리말 체험마을"," '한국의 그랜드캐넌' 주왕산국립공원, 유네스코 세계문화유산 안동하회마을의 고아함과 자긍심 그리고 푸른 바다와 푸른 하늘이 맞닿은 영덕 블루로드 트레킹에 호연지기가 절로 길러진다. "
46,자연과 함께하는 우리문화 탐방,"문화생태체험,",경상북도 청송군 부동면 공원길 169-7,주왕산 탐방안내소 → 점심식사→ 주왕산 탐방→송소고택→한지체험장→소감나누기 및 마무리," 청정지역 주왕산생태관광에 참여하시면! <BR> 역사와 문화, 웰빙관광을 맘껏 즐길 수 있습니다."
47,사과향기 가득한 주왕산 농촌체험,"자연생태,",경상북도 청송군 부동면 상의리,주왕산 탐방안내소 → 주왕산나들이 → 송소고택 → 설문조사 및 느낌 나누기," 청정지역 주왕산생태관광에 참여하시면! <BR>자연을 감상하고 배우며 역사와 문화, 웰빙관광을 맘껏 즐길 수 있습니다*^^*"
48,솔향기 따라 떠나는 주왕산 이야기,"자연생태체험,",경상북도 청송군 부동면 상의리 406번지,주왕산국립공원 탐방안내소 → 점심식사→주왕산 생태해설→청송양수발전소→설문조사 및 마무리," 청정지역 주왕산생태관광에 참여하시면! <BR>맑은 공기와 곳곳에 은은하게 핀 산 속 야생화들이 아름다운 자태를 뽑낼 즈음 주왕산에 오신 여러분은 역사와 문화, 웰빙관광을 맘껏 즐길 수 있습니다."
49,계룡산국립공원과 함께하는 건강나누리 캠프,건강나누리캠프,대전광역시 계룡산국립공원 수통골지구,계룡산국립공원 수통골지구에서 진행됩니다.," 아토피피부염, 천식, 등 환경성질환 환아 대상 체험프로그램입니다."
50,북한산국립공원과 함께하는 건강나누리 캠프,건강나누리캠프,서울특별시 ,," 천식 및 아토피 피부염으로 고통받고 있는 어린이를 대상으로 북한산 둘레길 자연체험 프로그램을 통해 질환에 대한 긍정적 사고 증진 및 자연환경과 건강의 긍정적인 관계를 느낌으로써 환경성질환의 예방 및 치료효과 향상에 대한 방안 제시합니다! "
51,북한산국립공원과 함께하는 FUSION SEOUL 탐방,"아동·청소년 체험학습,",서울특별시 ,," 서울을 숨 쉬게 하는 곳, 북한산 둘레길! 그곳엔 자연생태 뿐만 아니라 순국선열의 얼이 담겨있다. 모든 곳이 놀이터와 같은 서울에서 역사도 배우고, 문화를 느끼며 친구들과 신나게 놀이기구도 탈 수 있는 기회가 바로 여기에 있다. "
52,레인저와 함께하는 북한산둘레길 트레킹,",자연생태체험",서울특별시 ,당일형," 하늘과 숲이 만나는 곳, 북한산국립공원 둘레길을 소개합니다. 북한산국립공원에서 운영되는 ‘함께걷는 즐거움! 북한산둘레길 생태관광’은 산을 찾으면 정상을 정복해야 한다는 고정관념에서 벗어나 복잡한 일상의 스트레스를 짙은 숲내음과 피톤치드로 해소할 기회를 제공합니다.  "
53,국립공원과 함께하는 건강나누리 캠프,"건강나누리캠프,",서울특별시 도봉구,자연건강생태체험, 자연건강생태체험
54,도봉산자락 따라 떠나는 둘레길 도보여행,"자연생태체험,",서울특별시 도봉구,자연생태체험, 자연생태체험
55,<수학여행>도봉옛길 & 서울을 한눈에,아동·청소년 체험학습,서울특별시 도봉구,"북한산둘레길(도봉옛길), 국립중앙박물관, N타워-테디베어뮤지엄, 창덕궁, 인사동, 서울대공원, 서울랜드"," 서울을 숨쉬게 하는 곳, 북한산둘레길! 그곳엔 자연생태뿐만 아니라 조상의 정취를 느낄 수 있다. 모든 곳이 놀이터와 같은 서울에서 역사도 배우고 문화를 느끼며 친구들과 신나게 놀이기구도 탈수 있는 기회가 여기에 있다."
56,<수학여행>도봉옛길 & Exciting Seoul,아동·청소년 체험학습,서울특별시 도봉구,"경복궁, 청계천, 남산한옥마을, 국립중앙박물관, 과천국립과학관, COEX아쿠아리움, 롯데월드, 북한산둘레길(도봉옛길)트레킹, 나만의 액자만들기"," 서울을 숨쉬게 하는 곳, 북한산둘레길! 그곳엔 자연생태뿐만 아니라 조상의 정취를 느낄 수 있다. 모든 곳이 놀이터와 같은 서울에서 역사도 배우고 문화를 느끼며 친구들과 신나게 놀이기구도 탈수 있는 기회가 여기에 있다."
57,북한산성의 옛 자취를 찾아서,느낄거리,서울특별시 은평구 진관동,," □ 북한산국립공원의 자연생태와 함께 역사문화체험을 통한 옛 선조들의 전통을 이해하고  마음의 휴식과 여유를 즐기며, 자연의 소중함과 역사의 가치를 배울 수 있는 시간이 될 것 입니다 <BR>"
58,"NatuerHolic, 팔영산 건강과 예술을 품다","문화생태체험,",전라남도 고흥군 일대,"[1일차] 고흥 팔영산지구 자동차야영장, [2일차] 고흥 팔영산지구 편백숲 일원"," 1박2일동안 가족과 함께 다도해해상국립공원의 신규 편입지역인 팔영산에서 자연체험놀이를 통해 화합의 기회를 제공하고, 더불어 국립공원을 친환경적인 휴식과 체험 학습의 공간으로 인식되도록 프로그램이 기획되었습니다."
59,반달가슴곰과 함께 걸어보아요(당일형),"자연생태체험,문화생태체험,",전라남도 구례,탐방안내소.종복원센터.화엄사.성삼재~노고단트래킹, 지리산길을 걸으며 아름다운 자연 경관 문화자원을 접해볼 수 있는 당일형 생태관광입니다.
60,반달가슴곰과 함께 떠나는 노고단 여행(1박2일),"자연생태체험,",전라남도 구례,"국립공원종복원센터, 노고단 탐방, 사찰 체험"," 지리산국립공원의 자연 생태와 문화자원!  고즈넉한 산사체험이 여러분을 기다리고 있습니다 "
61,수달이 들려주는 섬진강 이야기,"자연생태체험,문화생태체험,",전라남도 구례,탐방안내소 ▷ 화엄사 ▷ 국립공원종복원센터 ▷ 섬진강 ▷ 섬진어류생태관 ▷ 야외수달전시장, 화엄사를 둘러보고 반달가슴곰과 수달을 만나러 떠나는 당일형 생태관광프로그램입니다.
62,국립공원 건강나누리캠프,"아동·청소년 체험학습, ",전라남도 도초도,도초도 시목일원, 도초도 시목해변과 곰솔숲에서 펼쳐지는 건강찾기프로그램
63,돌피니를 따라서,"놀거리,느낄거리,볼거리",전라남도 신안군 도초면 우이도 일원,동양 최대의 사구가 위치한 우이도에서 다도해해상국립공원 마스코트인 돌피니와 함께 즐거운 1박 2일, 우이도는 한국에서 유일하다는 거대한 모래언덕을 가진 섬으로 섬의 형상이 소의 귀처럼 생겼다하여 우이도라 불리운다. 스물 일곱개의 섬들이 모여진 섬이다.
64,나만의 열 두 가지 휴식(영산도 명품마을),"자연생태체험,",전라남도 신안군 흑산면 영산도리,"1일차(바다숲 힐링체험, 해설프로그램'소원의 섬, 영산도') 2일차(유람선 타고 영산도 한 바퀴)"," 유네스코 생물권 보전지역으로 파란 바다와 어우러진 후박나무 숲이 인상적인 영산도.  아무도 나를 모르는 이곳으로 일상에 지친 나를 치유하러 떠나보자. "
65,공감! 남도문화가 어우러진 월출산국립공원 기행,농어촌생태체험,전라남도 영암,월출산 탐방안내소 관람 ~ 녹향월촌 농촌문화체험 ~ 남도답사 1번지 무위사," 기암괴석으로 둘러싸인 월출산 탐방안내소를 관람하고 해설가가 안내하는 남도답사 1번지인 무위사 답사 와 자연체험 이후 달맞이마을 전통문화체험(떡매치기, 투호놀이,미꾸라지잡기,농촌마을 농작물 수확 등 중 선택)을 할 수 있는 당일형 생태관광 프로그램"
66,사회성증진프로그램,"아동·청소년 체험학습,문화생태체험,자연생태체험,농어촌생태체험,",전라남도 영암군 영암읍 천황사로 280-43 월출산국립공원 사무소,,
67,국립공원 건강나누리캠프,건강나누리캠프,전라남도 영암읍 월출산국립공원사무소,월출산국립공원 일원," 공원 인근 및 도시 지역의 환경성질환(아토피 등)으로 고통 받고 있는 어린이들에게 국립공원의 자연체험과 아토피 관련 교육프로그램을 제공하여 국립공원의 가치 증진과 이미지 제고는 물론 환경성질환 예방 및 치료에 도움을 주고자 함 "
68,슬로시티 청산도로 떠나는 수학여행,"아동·청소년 체험학습,",전라남도 완도군 및 해남군 일대,서울 출발 ~ 청산도 입도(1일차) / 청산도 ~ 완도(2일차) / 완도 ~ 해남 ~ 서울(3일차), 우리나라 최초의 슬로시티 청산도에서 경험하는 느림의 미학을 통해 심신을 단련하고 색다른 남도의 생활을 경험해 보는 시간
69,"슬로시티, 청산에 살어리랏다","문화생태체험,",전라남도 완도군 청산도 일대,[1일차] 완도 ~ 청산도 / [2일차] 청산도 ~ 완도," 2007년 아시아 최초 '슬로시티'로 지정되고, 문화관광부에서 가고 싶은 섬으로 지정된 청산도에서 느림의 문화와 우수한 자연경관 속에서 휴식과 감성을 회복하며, 일상의 스트레스를 잊으며 건강을 되찾아가는 휴양프로그램"
70,다도해의 보물을 찾아서,"농어촌생태체험,",전라남도 완도군~여수시,"[완도군 일대] 장보고기념관, 정도리 구계등, 완도수목원 / [보길도] 세연정, 낙서재, 곡수당, 동천석실 / [청산도] 슬로길, 명품상서마을 / [금오도] 비렁길", 다도해해상국립공원의 약 150개의 유무인도서 중 완도지역의 특색있는 도서문화를 체험할 수 있는 도서탐방프로그램을 통한 역사와 우수한 자연경관을 감상하며 둘러보는 남도 도서생태체험프로그램
71,[당일형] 비자향 가득한 백암산으로 떠나는 여행,자연생태체험,전라남도 장성군 북하면 약수리,백양골자연관찰로-죽향체험마을-죽녹원 또는 백양골자연관찰로-내장산(케이블카), ○ 아름다운 백양골자연해설 후 죽향체험마을 체험과 죽녹원 탐방을 하거나 내장산 전망대 케이블카 탑승을 할 수 있는 당일형 생태관광 입니다.
72,[수학여행] 너와 내가 친구되는 감동여행,아동·청소년 체험학습,전라남도 장성군 북하면 약수리,전주한옥마을-내장산-입암산-고창고인돌유적지-만돌갯벌학습장-부안줄포-곰소항-채석강, ○ 기존의 수학여행이 스쳐가는 관광지나 박물관을 둘러보는데 그쳤다면 이번 수학여행은 걸어보고 느껴보고 직접 체험하는 여행으로 학생들에게 잊지 못할 색다른 여행이 될 것입니다.
73,[수학여행] 비자향 가득한 백암산으로 떠나는 여행,"자연생태체험,",전라남도 장성군 북하면 약수리,백양골자연관찰로-담양죽향체험마을-죽녹원-입암산(남창계곡), ○ 백양골 아름다운 자연을 느끼고 담양죽녹원에서 죽림욕도 하며 여러 체험들도 함께 할 수 있는 즐거운 생태관광입니다.
74,"수학여행 ""노을따라 물결따라""","아동·청소년 체험학습,",전라남도 신안군 흑산도 ~ 홍도 일원,목포에서 출발하여 홍도 ~ 흑산도 1박2일 코스입니다.," 천연기념물 170호로 지정되어 화려한 경관을 뽐내는 홍도와 푸르다 못해 검다하여 이름 붙여진 흑산도~ <BR>형형색색의 섬들과 유배문화가 서려있는 아름다운 곳입니다. 바다의 향긋한 내음과 함께 멋진 추억을 만드세요."
75,[전남자연학습장] 비자향 가득한 백양골과 자연학습장 탐구교실,자연생태체험,전라남도 장성군 북하면 백양로 1116,백양골자연관찰로-전남자연학습장 견학, ○ 백양골 아름다운 자연과 함께하는 시간을 갖고 자연학습장에 있는 여러 동·식물을 만나볼 수 있으며 과학 공작 프로그램까지 체험할 수 있는 유익한 생태관광 입니다. 
76,[건강나누리]비자향 가득한 백암산으로 떠나는 여행,"건강나누리캠프,",전라남도 장성군 북하면 백양로 1116,백양골자연해설-체험프로그램(만들기)-축령산에서 버물리만들기-아토피 예방관리교육," ○ 비자향 가득한 숲에서 자연해설 프로그램을 듣고 만들기 체험도 하고 ○ 치유의 숲 축령산에서 아토피피부염 예방관리교육도 받고 우리 몸에 좋은 피톤치드 버물리, 모기퇴치제 만들기 체험 등 다양한 프로그램으로 구성되어 있습니다. "
77,[일반]비자향 가득한 백암산으로 떠나는 여행,"자연생태체험,",전라남도 장성군 북하면 백양로 1116,백양골자연해설-체험프로그램(만들기)-자라뫼마을농촌체험 or 자연학습장 견학 or 테디베어박물관 ," ○ 내장산국립공원의 백양사지구의 천연기념물 군락 비자나무 숲에서「비자향 가득한 백암산으로 떠나는 여행」재미있는 자연해설 프로그램을 듣습니다. ○ 장성의 대표적인 농촌 체험마을인 자라뫼마을에서 쌀을 이용한 액자만들기, 고구마 캐기, 미꾸라지 잡기 등의 체험을 합니다. ○ 담양 테지움테마파크에서 만나는 테디베어전시 및 트릭아트를 체험합니다. ○ 전라남도자연학습장에 있는 여러 동·식물을 만나보고 과학 공작 프로그램까지 체험할 수 있습니다."
78,PTSD 숲치유 생태관광,"자연생태체험,문화생태체험,",전라남도 장성군 북하면 백양로 1116,백양골자연해설-숲길걷기 및 탁족-백양사 공양 체험-스님과 차담나누기-요가 및 명상," ○ 자연해설을 통해 오감을 이용한 숲을 느껴보고 선조들의 지혜를 배우는 탁족체험을 통해 스트레스 해소 ○ 백양사의 문화재를 관람하고 스님과의 차담나누기 프로그램 참여 후 명상 및 요가를 통해 스트레스 및 신체 피로 풀기    "
79,[1박2일형] 비자향 가득한 백암산으로 떠나는 여행,"자연생태체험,",전라남도 장성군 북하면 백양로 1116,백양골자연관찰로-백양사-남창계곡-입암산, ○ 백양골 아름다운 자연을 느끼고 백양사 스님과 차담을 나누는 유익한 시간도 갖고 숲 속에서 영화도 볼 수 있는 알찬 생태관광 입니다. 
80,마실길따라 (관매도 1박2일),"자연생태체험,",전라남도 진도군 조도면 관매도 일원,"진도 팽목항에서 배를 타고 출발, 관매도에 도착하여 진행되는 프로그램입니다."," 아름다운 해안의 경치와 태곳적 자연굴이 신비로운 섬, 관매도 명품마을에서 1박2일"
81,국립공원과 함께하는 건강나누리 캠프,"자연생태체험,건강나누리캠프,문화생태체험",전라남도 화순,"환경성질환(아토피, 소아암 등) 아동 및 가족과 함께하는 국립공원 체험활동&의료진 강의"," 환경성질환(아토피, 소아암 등) 아동 및 가족과 함께하는 국립공원 체험활동으로 숲(자연)에서 힐링프로그램."
82,사회성 증진 프로그램 참여,건강나누리캠프,전라남도 화순군,,
83,지리산 뱀사골로 떠나는 테마여행(당일형),"자연생태체험,",전라북도 남원,뱀사골탐방안내소-자연관찰로 숲속체험, 자연이 살아숨쉬는 뱀사골에서 숲속 친구들을 만나는 시간~!
84,지리산 뱀사골로 떠나는 테마여행(1박 2일형),"자연생태체험,건강나누리캠프",전라북도 남원,"1일차 - 탐방안내소1층, 2층, 자연해설, 참여자 화합의 시간, 2일차 - 국악의 성지, 남원테마파크, 광한루원등"," 자연속에서 일상에 스트레스에서 탈출할 수 있고, 서로가 더욱 가까워질수 있는 시간을 갖는  테마여행~!"
85,곤돌라타고 덕유산 천상 나들이,문화생태체험,전라북도 무주군,자율 점심식사 ~ 덕유산의 사계 동영상 감상 ~ 곤도라타고 향적봉 탐방," 1. 대전에서 1시간 거리 무주리조트 <BR>2. 곤돌라타고 10분만에 오르는 정상 <BR>3. 야생화 만발 향적봉 이야기 <BR>4. 계룡산과 지리산을 한눈에"
86,덕유산 숲속여행,"자연생태체험,",전라북도 무주군 설천면 삼공리 구천동계곡,모두모두모여요~금강모치가 살고있는 구천동계곡이야기~가족레크레이션~관광곤돌라~향적봉~막걸리 만들기 체험," 숲속여행을 하며 1박2일동안 아름다운 자연을 즐겨볼 수 있는 프로그램입니다. 단체참가는 아래전화로 문의해주시기 바랍니다. <BR>문의: 063-322-3174, 3473. 생태관광 담당자"
87,[수학여행]길에서 놀며 배우는 자연학교여행,"아동·청소년 체험학습,","전라북도 무주군, 전주시, 부안군",덕유산국립공원 숲속 탐방-금강 레프팅-마이산 역암동굴 탐방-변산반도국립공원 갯벌 탐방," 백두대간의 등줄기 덕유산에서 뻗어져 내려온 산줄기와 강줄기는 마이산에서 만나 산태극 수태극을 불러왔습니다. 1억 년 전의 호수였던 신비로운 마이산에서 돌탑과   역고드름 이야기는 직접 보아야만 느낄 수 있는 신비함을 간직한 자연생태체험입니다.    전주는 조선왕조 500년의 발상지이며 음식문화가 발달하고 전통이 살아 숨 쉬는   온고지신의 전통도시여행입니다. 이와 더불어 서해안 갯벌여행은 해양 생태계의 생   성지이고 바닷물과 흙을 빚어 새로운 자원탄생의 소중함을 느끼게 해주는 탐험여행   입니다. "
88,산과 바다가 함께하는 아름다운 동행,"문화생태체험,농어촌생태체험,",전라북도 부안,변산반도 국립공원의 아름다운 산과 바다 그리고 지역주민의 생활문화 체험 프로그램," 산과 바다가 아름다운 변산반도국립공원에서 숲체험, 바다체험과 더불어 바다와 들을 주 생활지로 살아가는 지역주민들의 생활문화 등 다양한 체험위주의 프로그램"
89,내장산과 함께하는 즐거운 여행(숙박형),자연생태체험,전라북도 정읍시 내장동 59-10 내장산국립공원,내장산 자연 속 트레킹과 함께 미션체험도 즐기시고 100년 전 초가마을에서 하룻밤을 보낼 수  있는 숙박형 프로그램입니다.," - 내장산 탐방안내소 관람 - 자연놀이 및 나뭇잎티셔츠 만들기 체험 - 숲 트레킹, 미션수행  - 초가집에서 보내는 밤   (여치집만들기 체험 등) - 강정 만들기 체험"
90,내장산과 함께하는 즐거운 여행(당일형),건강나누리캠프,전라북도 정읍시 내장동 59-10 내장산국립공원,내장산의 자연을 느낄 수 있는 체험관광, 내장산국립공원의 자연을 느낄 수 있는 매우 유익한 체험관광 프로그램입니다.
91,단풍나무와 함께 추억만들기,건강나누리캠프,전라북도 정읍시 내장동 59-10 내장산국립공원사무소,내장산의 자연을 느낄 수 있는 자연체험," 소외계층 대상, 국립공원에서 즐길 수 있는 유익한 자연체험과 바우처프로그램 지원을 통한 현장형 환경교욱을 제공합니다."
92,미래세대 계룡산 생태탐방,"자연생태체험,문화생태체험,",충청남도 공주시 반포면 온천리,충남 공주 동학사 지역 일원," 계룡산 동학사지구의 자연과 문화를 체험하고 인근의 관광지를 관람하는 탐방프로그램입니다."
93,레인저와 함께하는 계룡산 생태탐방,"자연생태체험,문화생태체험,",충청남도 공주시 반포면 온천리,"충남 계룡산 동학사 지역 및 공주, 부여 일원"," 계룡산 동학사지구의 자연과 문화를 체험하고 인근의 공주, 부여 관광지를 탐방하는 프로그램입니다."
94,계룡산 따라 백제향기 eco-tour,"아동·청소년 체험학습,",충청남도 공주시 반포면 학봉리 777번지 계룡산국립공원사무소,계룡산~공주~서해 바다~부여. 2박 3일형 수학여행 프로그램.," 백제 역사를 대표하는 계룡산, 공주, 부여 지역을 돌아보며 백제인의 숨결을 느끼는 역사 탐방 프로그램(수학여행)"
95,푸른숲 파란바다 건강나누리 캠프,"건강나누리캠프,",충청남도 태안군 태안읍 귀실길 9,"국립공원과 함께하는 건강 나눔 캠프!! 환경성질환 쉽게 이해하기, 자연놀이페스티벌, 태안해변길 에코엔티어링을 함께 즐기며 몸과 마음을 치유하는 시간을 함께 합니다."," 푸른 곰솔숲과 파란 바다가 어우러진 태안해안국립공원에서 환경성질환(천식)에 대한 올바른 이해를 돕고, 태안해변길 트레킹을 통해 건강을 다지고, 다양한 자연놀이를 통해 치유의 시간을 함께하는 건강나눔 캠프"
96,let`s go  태안해안 생태로드,"자연생태체험,",충청남도 태안군 태안해안국립공원 일원,굽이굽이 230km 리아스식 해안선의 아름다움을 품은 태안해안국립공원 생태탐방!! 『let's go 태안해안 생태로드』 100배 즐기기!!," 태안해안국립공원에서 운영되는 생태관광 『Let's go 태안해안 생태로드』는 모래언덕이 간직한 해안사구의 비밀 탐험과 더불어 물때에 맞춰 드러나는 신비한 바닷가의 생물들을 직접 만나고 관찰할 수 있습니다. 열악한 환경 속에서도 꿋꿋이 살아가는 희귀생물을 관찰하고 그들의 생존전략을 배우며 친구가 될 수 있습니다.  태안해안국립공원에서 운영되는 『Let's go 태안해안 생태로드』은 연인, 가족 누구나 부담 없이 참여하실 수 있는 국립공원 최고의 프로그램입니다. 운영개요  1) 사전예약 필수(www.ecotour.knps.or.kr) 2) 당일형 3) 모집인원 20인 이상 시 운영가능 4) 운영비 개인 부담(차량임대, 중식, 여행자보험, 체험비 등) 5) 준비물 : 편안한 옷차림, 운동화, 모자, 갯벌체험시 여벌의 옷 등"
97,백제의 문화를 배우고 바다 생태계의 오감을 느낄 수 있는 여행,"아동·청소년 체험학습,",충청남도 태안해안국립공원 ,백제의 문화와 바다 생태계의 오감을 체험할 수 있는 태안해안 수학여행,"  ○ 천년을 이어온 백제의 미소 빛에 따라 웃는 표정이 달라지는 백제의 천년 미소 서산 마애삼존불상을 보며 문화와 역사에 대해 배울 수 있고, 개심사에 들려 마음가짐을 정리할 수 있는 시간을 보내자,  ○ 바다 생태계의 오감을 느낄 수 있는 여행 살아있는 생명의 벌, 갯벌. 태안의 살아있는 생태계를 직접 체험할 수 있는 갯벌체험과 염전체험을 통해, 해안 생태계의 멋진 향연을 감상해보자. 특히 태안바닷길을 직접 걸어보며 해안 동, 식물들을 한눈에 볼 수 있으며, 바다 생태계를 오감으로 느끼고 경험할 수 있다.    ○ 태안 해안 국립공원에서 생태감수성을 키우는 여행 우리나라 유일의 해안형 국립공원인 태안해안 국립공원, 대표적인 리아스식 해안을 보고 대자연을 만날 수 있는 곳이다. 서로 다른 이름을 가진 해변들이 오밀조밀 해안선을 이루는 곳. 서해안의 섬세한 장관을 느껴보자. "
98,천상의 화원 연화봉 즐기기,"자연생태,",충청북도 단양군,"1일차 : 연화봉,소백산천문대 , 2일차 : 단양팔경 투어, 충주호유람선 승선", 이 프로그램은 소백산국립공원북부사무소 특별프로그램입니다.
99,한드미야 놀자 (팜스테이),"농어촌생태체험,",충청북도 단양군 가곡면 어의곡리,1.한드미마을 투어 2.농촌문화체험 3. 전통음식 만들기 체험 등, 국내 최고의 생태마을인 한드미마을에서 머물며 일상에서는 경험할 수 없었던 특별한 농촌 체험을 신나고 재미있게 경험할 수 있는 프로그램입니다.
100,"대명투어, 월악산에 안기다.","문화생태체험,자연생태체험,",충청북도 단양군 단성면,대명리조트 ~ 사인암 ~  상선암 ~ 유람선 관광(구담봉.옥순봉) ~ 대명리조트," 월악산 생태관광 '대명투어, 월악산에 안기다.' 프로그램은 단양지역 단양팔경 해설에 참여하고 유람선 탑승을 체험 할 수 있는 대명리조트 단양 연계프로그램입니다.  예약 전 연락 바랍니다."
101,속리산과 친구되기,문화생태체험,충청북도 보은군,"법주사 자연/문화해설, 체험(천연 염색, 천연 비누, 도미노, 자연공예, 말 먹이주기, 기마체험), 시기별 특화(큰입배스, 돼지풀 제거)"," 속리산의 아름다운 자연에서 동물과의 교감, 생태계 관찰 등 다양한 체험들을 입맛에 따라 선택하여 즐기시고 시기별로 특화된 외래종 제거활동도 체험해보세요. "
102,천년의 교과서 속리산,"아동·청소년 체험학습,,문화생태체험",충청북도 보은군,"초등 4~6학년 교과연계 자연/문화해설. 교과연계 체험활동(도미노, 지오데식 돔, 청동거울만들기, 천연염색, 천연비누, 말과 교감하기 등)"," 식물의 한살이, 식물의 구조와 기능, 태양의 남중고도와 계절의 변화, 작은생물의 세계 등 교실에서 이론으로 배웠던 내용을 아름다운 속리산의 건강한 자연속에서 직접 관찰하고 체험하여 이해하는 시간."
103,속리산과 함께하는 자연나누리,"아동·청소년 체험학습,자연생태체험,",충청북도 보은군 속리산면 상판리 19-1번지,"법주사 자연/문화해설, 체험(천연 염색, 천연 비누, 도미노, 자연공예, 말 먹이주기, 기마체험)",
104,복잡한 일상을 떠나 자연과 하나되는 기운충전 여행(1박2일),"아동·청소년 체험학습,",충청북도 보은군 속리산면 상판리 법주사로 84,수려한 속리산국립공원 탐방과 함께 흥미로운 체험활동이 어우러진 프로그램," 오리숲 탐방 및 법주사 문화해설, 야행성 생물관찰, 천연염색 체험, 기마체험, 너나들이, 서바이벌 게임 등"
105,햇빛 한 모금 바람 한 줄기도 소중한 속리산 휴식여행(2박3일형),"아동·청소년 체험학습,",충청북도 보은군 속리산면 상판리 법주사로 84,청주지역의 다양한 문화재들 및 속리산국립공원 탐방과 함께 다양한 체험이 어우러진 프로그램," 너나들이(2회), 환경빙고, 도미노 게임 캠프파이어, 레크레이션"
106,"""속리산과 함께하는 자연나누리""","문화생태체험,",충청북도 보은군 속리산면 상판리 법주사로84,"다양한 프로그램 중 1~2가지를 선택, 일정을 협의 하여 진행."," 영화, 연극, 놀이공원, 동물원, 기마체험 등 다양한 문화적 혜택을 다문화, 저소득층 등 에게 제공하는 프로그램."
107,"닥터, 주니어레인저! (Dr. Junior Ranger)",자연생태체험,충청북도 충주시 수안보면 미륵로 568번지,"국립공원의 산양모니터링 체험과 역사, 자연 해설"," 월악산 국립공원의 자연경관과 자연생태를 자유롭게 체험하고 감상할 수 있는 기회를 제공하고, 아이들 및 청소년들이 자연의 소중한 가치를 깨닫고 이해함으로써 자연생태계 보전의 중요성 및 필요성을 산양 위치 추적과 자연, 역사 해설을 통해 공감할 수 있게 만드는 프로그램 입니다."
108,수학여행_역사와 문화가 살아 숨쉬는 백두대간 유람 여행,"아동·청소년 체험학습,","충청북도 월악산, 소백산 일원","1일차 : 부석사, 소수서원, 선비문화체험, 2일차 : 죽령옛길, 도담삼봉, 한드미 마을(농촌체험) 3일차 : 단양 선암계곡 사인암, 충주호 유람선 관광 "," 1일차 : 불교 문화와 유교 문화의 중심의 프로그램 진행 2일차 : 백두대간에 깃든 전통 문화체험 3일차 : 단양 8경 속에서 신선이 되다!(단양 8경, 충주호 유람선) "
109,[생태나누리] 야생화향기와 함께 떠나는 월악산여행,"자연생태체험,",충청북도 제천시 한수면,월악산국립공원 송계지구 및 단양지구(하늘재~만수계곡자연관찰로~장회나루~사인암)," 월악산국립공원  '야생화향기와 함께 떠나는 월악산여행' 생태나누리 프로그램은 하늘재, 만수계곡자연관찰로, 옥순봉·구담봉, 사인암 등 월악산국립공원의 대표 역사문화자원과 자연생태를 자유롭게 체험하고 느낄 수 있는 프로그램입니다."
110,[생태나누리] 아름다운 날들을 위한 힐링,"자연생태체험,",충청북도 제천시 한수면,, 문경지구 실버세대의 건강증진과 여가생활 지원을 결합한 힐링 프로그램입니다.